{
    "HT-0To70": {
        "0Jet": {
            "xs": 46356.61359541356,
            "nevent": 594577794.9858351
        },
        "1Jet": {
            "xs": 9810.480820934708,
            "nevent": 231401074.7154143
        },
        "2Jet": {
            "xs": 1749.2774434549983,
            "nevent": 44362643.180913806
        },
        "3Jet": {
            "xs": 84.50193548971532,
            "nevent": 2503366.903534293
        },
        "4Jet": {
            "xs": 0.8330865055110395,
            "nevent": 104821150.33743238
        }
    },
    "HT-70To100": {
        "0Jet": {
            "xs": 0,
            "nevent": 0
        },
        "1Jet": {
            "xs": 375.1994236671206,
            "nevent": 26056012.20142746
        },
        "2Jet": {
            "xs": 794.0749143218704,
            "nevent": 56754436.241861105
        },
        "3Jet": {
            "xs": 252.01366806672664,
            "nevent": 18945242.675612807
        },
        "4Jet": {
            "xs": 19.260169625742964,
            "nevent": 2381594040.0780363
        }
    },
    "HT-100To200": {
        "0Jet": {
            "xs": 0,
            "nevent": 0
        },
        "1Jet": {
            "xs": 156.63905825678935,
            "nevent": 9335711.413897276
        },
        "2Jet": {
            "xs": 594.5172122747282,
            "nevent": 36570376.09512901
        },
        "3Jet": {
            "xs": 473.05517800117997,
            "nevent": 30911770.116862595
        },
        "4Jet": {
            "xs": 202.3420441592103,
            "nevent": 25832260932.04097
        }
    },
    "HT-200To400": {
        "0Jet": {
            "xs": 0,
            "nevent": 0
        },
        "1Jet": {
            "xs": 9.08496154707183,
            "nevent": 1664812.9054453373
        },
        "2Jet": {
            "xs": 76.16998458621909,
            "nevent": 13648190.476429462
        },
        "3Jet": {
            "xs": 120.20434036896779,
            "nevent": 21736541.739596188
        },
        "4Jet": {
            "xs": 175.62773353430603,
            "nevent": 22461889185.916664
        }
    },
    "HT-400To600": {
        "0Jet": {
            "xs": 0,
            "nevent": 0
        },
        "1Jet": {
            "xs": 0.22581604437590344,
            "nevent": 56688.799275159836
        },
        "2Jet": {
            "xs": 4.621829012287122,
            "nevent": 994548.0316575766
        },
        "3Jet": {
            "xs": 10.49794287184847,
            "nevent": 2243460.2838246822
        },
        "4Jet": {
            "xs": 35.24335485364153,
            "nevent": 4467027514.118758
        }
    },
    "HT-600To800": {
        "0Jet": {
            "xs": 0,
            "nevent": 0
        },
        "1Jet": {
            "xs": 0.023467974011519028,
            "nevent": 28614.07114124298
        },
        "2Jet": {
            "xs": 0.6916330795807566,
            "nevent": 821408.4106272459
        },
        "3Jet": {
            "xs": 1.8355465481800906,
            "nevent": 2072815.9085758924
        },
        "4Jet": {
            "xs": 9.442524132137265,
            "nevent": 1195619768.1908305
        }
    },
    "HT-800To1200": {
        "0Jet": {
            "xs": 0,
            "nevent": 0
        },
        "1Jet": {
            "xs": 0.0046904416691644175,
            "nevent": 10809.405080318451
        },
        "2Jet": {
            "xs": 0.2139313629987106,
            "nevent": 539658.4736037254
        },
        "3Jet": {
            "xs": 0.6178432624831798,
            "nevent": 1473088.0205143094
        },
        "4Jet": {
            "xs": 4.405269792855186,
            "nevent": 541174347.8310643
        }
    },
    "HT-1200To2500": {
        "0Jet": {
            "xs": 0,
            "nevent": 0
        },
        "1Jet": {
            "xs": 0.000472387059345275,
            "nevent": 2551.2812099456787
        },
        "2Jet": {
            "xs": 0.03323622991426104,
            "nevent": 360804.26562845707
        },
        "3Jet": {
            "xs": 0.09706046909885228,
            "nevent": 1058535.9953778386
        },
        "4Jet": {
            "xs": 1.0138788889882389,
            "nevent": 123760618.01267695
        }
    },
    "HT-2500ToInf": {
        "0Jet": {
            "xs": 0,
            "nevent": 0
        },
        "1Jet": {
            "xs": 2.282175083712806e-07,
            "nevent": 16.0
        },
        "2Jet": {
            "xs": 0.0008352353369581281,
            "nevent": 36814.27112984657
        },
        "3Jet": {
            "xs": 0.0015323518495927886,
            "nevent": 115699.46853935719
        },
        "4Jet": {
            "xs": 0.021912725507218258,
            "nevent": 4020808.667960644
        }
    }
}