{
    "HT-0To70": {
        "xs": 58183.90082301783,
        "nevent": 746276588.6429462
    },
    "HT-70To100": {
        "xs": 1446.5047900911031,
        "nevent": 84856784.52303791
    },
    "HT-100To200": {
        "xs": 1433.1455432643204,
        "nevent": 69818250.1157322
    },
    "HT-200To400": {
        "xs": 383.64250226040775,
        "nevent": 63166072.25293827
    },
    "HT-400To600": {
        "xs": 51.24127954358826,
        "nevent": 10068871.91032505
    },
    "HT-600To800": {
        "xs": 12.21882624234596,
        "nevent": 13592012.618876457
    },
    "HT-800To1200": {
        "xs": 5.440429081236658,
        "nevent": 12792515.48598957
    },
    "HT-1200To2500": {
        "xs": 1.2283145758851344,
        "nevent": 12982350.772273064
    },
    "HT-2500ToInf": {
        "xs": 0.027863432196997252,
        "nevent": 2097977.003223419
    }
}